"Hoofdgroep","Omschrijving","Aantal

inkoop eenheden","Aantal

inkoop eenheden",1,"Suiker",3
"Hoofdgroep","Omschrijving","Aantal

inkoop eenheden","Aantal

inkoop eenheden",1,"Suiker",3
"Hoofdgroep","Omschrijving","Aantal

inkoop eenheden","Aantal

inkoop eenheden",1,"Suiker",3
"Hoofdgroep","Omschrijving","Aantal

inkoop eenheden","Aantal

inkoop eenheden",2,"Warme dranken",36
"Hoofdgroep","Omschrijving","Aantal

inkoop eenheden","Aantal

inkoop eenheden",2,"Warme dranken",36
"Hoofdgroep","Omschrijving","Aantal

inkoop eenheden","Aantal

inkoop eenheden",2,"Warme dranken",36
"Hoofdgroep","Omschrijving","Aantal

inkoop eenheden","Aantal

inkoop eenheden",2,"Warme dranken",36
"Hoofdgroep","Omschrijving","Aantal

inkoop eenheden","Aantal

inkoop eenheden",2,"Warme dranken",36
"Hoofdgroep","Omschrijving","Aantal

inkoop eenheden","Aantal

inkoop eenheden",2,"Warme dranken",36
"Hoofdgroep","Omschrijving","Aantal

inkoop eenheden","Aantal

inkoop eenheden",2,"Warme dranken",36
"Hoofdgroep","Omschrijving","Aantal

inkoop eenheden","Aantal

inkoop eenheden",2,"Warme dranken",36
"Hoofdgroep","Omschrijving","Aantal

inkoop eenheden","Aantal

inkoop eenheden",2,"Warme dranken",36
"Hoofdgroep","Omschrijving","Aantal

inkoop eenheden","Aantal

inkoop eenheden",2,"Warme dranken",36
"Hoofdgroep","Omschrijving","Aantal

inkoop eenheden","Aantal

inkoop eenheden",2,"Warme dranken",36
"Hoofdgroep","Omschrijving","Aantal

inkoop eenheden","Aantal

inkoop eenheden",2,"Warme dranken",36
"Hoofdgroep","Omschrijving","Aantal

inkoop eenheden","Aantal

inkoop eenheden",2,"Warme dranken",36
"Hoofdgroep","Omschrijving","Aantal

inkoop eenheden","Aantal

inkoop eenheden",2,"Warme dranken",36
"Hoofdgroep","Omschrijving","Aantal

inkoop eenheden","Aantal

inkoop eenheden",2,"Warme dranken",36
"Hoofdgroep","Omschrijving","Aantal

inkoop eenheden","Aantal

inkoop eenheden",2,"Warme dranken",36
"Hoofdgroep","Omschrijving","Aantal

inkoop eenheden","Aantal

inkoop eenheden",2,"Warme dranken",36
"Hoofdgroep","Omschrijving","Aantal

inkoop eenheden","Aantal

inkoop eenheden",2,"Warme dranken",36
"Hoofdgroep","Omschrijving","Aantal

inkoop eenheden","Aantal

inkoop eenheden",2,"Warme dranken",36
"Hoofdgroep","Omschrijving","Aantal

inkoop eenheden","Aantal

inkoop eenheden",2,"Warme dranken",36
"Hoofdgroep","Omschrijving","Aantal

inkoop eenheden","Aantal

inkoop eenheden",2,"Warme dranken",36
"Hoofdgroep","Omschrijving","Aantal

inkoop eenheden","Aantal

inkoop eenheden",2,"Warme dranken",36
"Hoofdgroep","Omschrijving","Aantal

inkoop eenheden","Aantal

inkoop eenheden",2,"Warme dranken",36
"Hoofdgroep","Omschrijving","Aantal

inkoop eenheden","Aantal

inkoop eenheden",2,"Warme dranken",36
"Hoofdgroep","Omschrijving","Aantal

inkoop eenheden","Aantal

inkoop eenheden",2,"Warme dranken",36
"Hoofdgroep","Omschrijving","Aantal

inkoop eenheden","Aantal

inkoop eenheden",2,"Warme dranken",36
"Hoofdgroep","Omschrijving","Aantal

inkoop eenheden","Aantal

inkoop eenheden",2,"Warme dranken",36
"Hoofdgroep","Omschrijving","Aantal

inkoop eenheden","Aantal

inkoop eenheden",2,"Warme dranken",36
"Hoofdgroep","Omschrijving","Aantal

inkoop eenheden","Aantal

inkoop eenheden",2,"Warme dranken",36
"Hoofdgroep","Omschrijving","Aantal

inkoop eenheden","Aantal

inkoop eenheden",2,"Warme dranken",36
"Hoofdgroep","Omschrijving","Aantal

inkoop eenheden","Aantal

inkoop eenheden",3,"Grutterswaren",46
"Hoofdgroep","Omschrijving","Aantal

inkoop eenheden","Aantal

inkoop eenheden",3,"Grutterswaren",46
"Hoofdgroep","Omschrijving","Aantal

inkoop eenheden","Aantal

inkoop eenheden",3,"Grutterswaren",46
"Hoofdgroep","Omschrijving","Aantal

inkoop eenheden","Aantal

inkoop eenheden",3,"Grutterswaren",46
"Hoofdgroep","Omschrijving","Aantal

inkoop eenheden","Aantal

inkoop eenheden",3,"Grutterswaren",46
"Hoofdgroep","Omschrijving","Aantal

inkoop eenheden","Aantal

inkoop eenheden",3,"Grutterswaren",46
"Hoofdgroep","Omschrijving","Aantal

inkoop eenheden","Aantal

inkoop eenheden",3,"Grutterswaren",46
"Hoofdgroep","Omschrijving","Aantal

inkoop eenheden","Aantal

inkoop eenheden",3,"Grutterswaren",46
"Hoofdgroep","Omschrijving","Aantal

inkoop eenheden","Aantal

inkoop eenheden",3,"Grutterswaren",46
"Hoofdgroep","Omschrijving","Aantal

inkoop eenheden","Aantal

inkoop eenheden",3,"Grutterswaren",46
"Hoofdgroep","Omschrijving","Aantal

inkoop eenheden","Aantal

inkoop eenheden",3,"Grutterswaren",46
"Hoofdgroep","Omschrijving","Aantal

inkoop eenheden","Aantal

inkoop eenheden",3,"Grutterswaren",46
"Hoofdgroep","Omschrijving","Aantal

inkoop eenheden","Aantal

inkoop eenheden",3,"Grutterswaren",46
"Hoofdgroep","Omschrijving","Aantal

inkoop eenheden","Aantal

inkoop eenheden",3,"Grutterswaren",46
"Hoofdgroep","Omschrijving","Aantal

inkoop eenheden","Aantal

inkoop eenheden",3,"Grutterswaren",46
"Hoofdgroep","Omschrijving","Aantal

inkoop eenheden","Aantal

inkoop eenheden",3,"Grutterswaren",46
"Hoofdgroep","Omschrijving","Aantal

inkoop eenheden","Aantal

inkoop eenheden",3,"Grutterswaren",46
"Hoofdgroep","Omschrijving","Aantal

inkoop eenheden","Aantal

inkoop eenheden",3,"Grutterswaren",46
"Hoofdgroep","Omschrijving","Aantal

inkoop eenheden","Aantal

inkoop eenheden",3,"Grutterswaren",46
"Hoofdgroep","Omschrijving","Aantal

inkoop eenheden","Aantal

inkoop eenheden",3,"Grutterswaren",46
"Hoofdgroep","Omschrijving","Aantal

inkoop eenheden","Aantal

inkoop eenheden",3,"Grutterswaren",46
"Hoofdgroep","Omschrijving","Aantal

inkoop eenheden","Aantal

inkoop eenheden",3,"Grutterswaren",46
"Hoofdgroep","Omschrijving","Aantal

inkoop eenheden","Aantal

inkoop eenheden",3,"Grutterswaren",46
"Hoofdgroep","Omschrijving","Aantal

inkoop eenheden","Aantal

inkoop eenheden",3,"Grutterswaren",46
"Hoofdgroep","Omschrijving","Aantal

inkoop eenheden","Aantal

inkoop eenheden",3,"Grutterswaren",46
"Hoofdgroep","Omschrijving","Aantal

inkoop eenheden","Aantal

inkoop eenheden",3,"Grutterswaren",46
"Hoofdgroep","Omschrijving","Aantal

inkoop eenheden","Aantal

inkoop eenheden",3,"Grutterswaren",46
"Hoofdgroep","Omschrijving","Aantal

inkoop eenheden","Aantal

inkoop eenheden",3,"Grutterswaren",46
"Hoofdgroep","Omschrijving","Aantal

inkoop eenheden","Aantal

inkoop eenheden",3,"Grutterswaren",46
"Hoofdgroep","Omschrijving","Aantal

inkoop eenheden","Aantal

inkoop eenheden",3,"Grutterswaren",46
"Hoofdgroep","Omschrijving","Aantal

inkoop eenheden","Aantal

inkoop eenheden",3,"Grutterswaren",46
"Hoofdgroep","Omschrijving","Aantal

inkoop eenheden","Aantal

inkoop eenheden",3,"Grutterswaren",46
"Hoofdgroep","Omschrijving","Aantal

inkoop eenheden","Aantal

inkoop eenheden",3,"Grutterswaren",46
"Hoofdgroep","Omschrijving","Aantal

inkoop eenheden","Aantal

inkoop eenheden",3,"Grutterswaren",46
"Hoofdgroep","Omschrijving","Aantal

inkoop eenheden","Aantal

inkoop eenheden",3,"Grutterswaren",46
"Hoofdgroep","Omschrijving","Aantal

inkoop eenheden","Aantal

inkoop eenheden",3,"Grutterswaren",46
"Hoofdgroep","Omschrijving","Aantal

inkoop eenheden","Aantal

inkoop eenheden",3,"Grutterswaren",46
"Hoofdgroep","Omschrijving","Aantal

inkoop eenheden","Aantal

inkoop eenheden",3,"Grutterswaren",46
"Hoofdgroep","Omschrijving","Aantal

inkoop eenheden","Aantal

inkoop eenheden",3,"Grutterswaren",46
"Hoofdgroep","Omschrijving","Aantal

inkoop eenheden","Aantal

inkoop eenheden",3,"Grutterswaren",46
"Hoofdgroep","Omschrijving","Aantal

inkoop eenheden","Aantal

inkoop eenheden",3,"Grutterswaren",46
"Hoofdgroep","Omschrijving","Aantal

inkoop eenheden","Aantal

inkoop eenheden",3,"Grutterswaren",46
"Hoofdgroep","Omschrijving","Aantal

inkoop eenheden","Aantal

inkoop eenheden",3,"Grutterswaren",46
"Hoofdgroep","Omschrijving","Aantal

inkoop eenheden","Aantal

inkoop eenheden",3,"Grutterswaren",46
"Hoofdgroep","Omschrijving","Aantal

inkoop eenheden","Aantal

inkoop eenheden",4,"Sauzen & zuren",46
"Hoofdgroep","Omschrijving","Aantal

inkoop eenheden","Aantal

inkoop eenheden",4,"Sauzen & zuren",46
"Hoofdgroep","Omschrijving","Aantal

inkoop eenheden","Aantal

inkoop eenheden",4,"Sauzen & zuren",46
"Hoofdgroep","Omschrijving","Aantal

inkoop eenheden","Aantal

inkoop eenheden",4,"Sauzen & zuren",46
"Hoofdgroep","Omschrijving","Aantal

inkoop eenheden","Aantal

inkoop eenheden",4,"Sauzen & zuren",46
"Hoofdgroep","Omschrijving","Aantal

inkoop eenheden","Aantal

inkoop eenheden",4,"Sauzen & zuren",46
"Hoofdgroep","Omschrijving","Aantal

inkoop eenheden","Aantal

inkoop eenheden",4,"Sauzen & zuren",46
"Hoofdgroep","Omschrijving","Aantal

inkoop eenheden","Aantal

inkoop eenheden",4,"Sauzen & zuren",46
"Hoofdgroep","Omschrijving","Aantal

inkoop eenheden","Aantal

inkoop eenheden",4,"Sauzen & zuren",46
"Hoofdgroep","Omschrijving","Aantal

inkoop eenheden","Aantal

inkoop eenheden",4,"Sauzen & zuren",46
"Hoofdgroep","Omschrijving","Aantal

inkoop eenheden","Aantal

inkoop eenheden",4,"Sauzen & zuren",46
"Hoofdgroep","Omschrijving","Aantal

inkoop eenheden","Aantal

inkoop eenheden",4,"Sauzen & zuren",46
"Hoofdgroep","Omschrijving","Aantal

inkoop eenheden","Aantal

inkoop eenheden",4,"Sauzen & zuren",46
"Hoofdgroep","Omschrijving","Aantal

inkoop eenheden","Aantal

inkoop eenheden",4,"Sauzen & zuren",46
"Hoofdgroep","Omschrijving","Aantal

inkoop eenheden","Aantal

inkoop eenheden",4,"Sauzen & zuren",46
"Hoofdgroep","Omschrijving","Aantal

inkoop eenheden","Aantal

inkoop eenheden",4,"Sauzen & zuren",46
"Hoofdgroep","Omschrijving","Aantal

inkoop eenheden","Aantal

inkoop eenheden",4,"Sauzen & zuren",46
"Hoofdgroep","Omschrijving","Aantal

inkoop eenheden","Aantal

inkoop eenheden",4,"Sauzen & zuren",46
"Hoofdgroep","Omschrijving","Aantal

inkoop eenheden","Aantal

inkoop eenheden",4,"Sauzen & zuren",46
"Hoofdgroep","Omschrijving","Aantal

inkoop eenheden","Aantal

inkoop eenheden",4,"Sauzen & zuren",46
"Hoofdgroep","Omschrijving","Aantal

inkoop eenheden","Aantal

inkoop eenheden",4,"Sauzen & zuren",46
"Hoofdgroep","Omschrijving","Aantal

inkoop eenheden","Aantal

inkoop eenheden",4,"Sauzen & zuren",46
"Hoofdgroep","Omschrijving","Aantal

inkoop eenheden","Aantal

inkoop eenheden",4,"Sauzen & zuren",46
"Hoofdgroep","Omschrijving","Aantal

inkoop eenheden","Aantal

inkoop eenheden",4,"Sauzen & zuren",46
"Hoofdgroep","Omschrijving","Aantal

inkoop eenheden","Aantal

inkoop eenheden",4,"Sauzen & zuren",46
"Hoofdgroep","Omschrijving","Aantal

inkoop eenheden","Aantal

inkoop eenheden",4,"Sauzen & zuren",46
"Hoofdgroep","Omschrijving","Aantal

inkoop eenheden","Aantal

inkoop eenheden",4,"Sauzen & zuren",46
"Hoofdgroep","Omschrijving","Aantal

inkoop eenheden","Aantal

inkoop eenheden",4,"Sauzen & zuren",46
"Hoofdgroep","Omschrijving","Aantal

inkoop eenheden","Aantal

inkoop eenheden",4,"Sauzen & zuren",46
"Hoofdgroep","Omschrijving","Aantal

inkoop eenheden","Aantal

inkoop eenheden",4,"Sauzen & zuren",46
"Hoofdgroep","Omschrijving","Aantal

inkoop eenheden","Aantal

inkoop eenheden",4,"Sauzen & zuren",46
"Hoofdgroep","Omschrijving","Aantal

inkoop eenheden","Aantal

inkoop eenheden",4,"Sauzen & zuren",46
"Hoofdgroep","Omschrijving","Aantal

inkoop eenheden","Aantal

inkoop eenheden",4,"Sauzen & zuren",46
"Hoofdgroep","Omschrijving","Aantal

inkoop eenheden","Aantal

inkoop eenheden",4,"Sauzen & zuren",46
"Hoofdgroep","Omschrijving","Aantal

inkoop eenheden","Aantal

inkoop eenheden",4,"Sauzen & zuren",46
"Hoofdgroep","Omschrijving","Aantal

inkoop eenheden","Aantal

inkoop eenheden",4,"Sauzen & zuren",46
"Hoofdgroep","Omschrijving","Aantal

inkoop eenheden","Aantal

inkoop eenheden",4,"Sauzen & zuren",46
"Hoofdgroep","Omschrijving","Aantal

inkoop eenheden","Aantal

inkoop eenheden",4,"Sauzen & zuren",46
"Hoofdgroep","Omschrijving","Aantal

inkoop eenheden","Aantal

inkoop eenheden",4,"Sauzen & zuren",46
"Hoofdgroep","Omschrijving","Aantal

inkoop eenheden","Aantal

inkoop eenheden",4,"Sauzen & zuren",46
"Hoofdgroep","Omschrijving","Aantal

inkoop eenheden","Aantal

inkoop eenheden",4,"Sauzen & zuren",46
"Hoofdgroep","Omschrijving","Aantal

inkoop eenheden","Aantal

inkoop eenheden",4,"Sauzen & zuren",46
"Hoofdgroep","Omschrijving","Aantal

inkoop eenheden","Aantal

inkoop eenheden",4,"Sauzen & zuren",46
"Hoofdgroep","Omschrijving","Aantal

inkoop eenheden","Aantal

inkoop eenheden",5,"Soepen",24
"Hoofdgroep","Omschrijving","Aantal

inkoop eenheden","Aantal

inkoop eenheden",5,"Soepen",24
"Hoofdgroep","Omschrijving","Aantal

inkoop eenheden","Aantal

inkoop eenheden",5,"Soepen",24
"Hoofdgroep","Omschrijving","Aantal

inkoop eenheden","Aantal

inkoop eenheden",5,"Soepen",24
"Hoofdgroep","Omschrijving","Aantal

inkoop eenheden","Aantal

inkoop eenheden",5,"Soepen",24
"Hoofdgroep","Omschrijving","Aantal

inkoop eenheden","Aantal

inkoop eenheden",5,"Soepen",24
"Hoofdgroep","Omschrijving","Aantal

inkoop eenheden","Aantal

inkoop eenheden",5,"Soepen",24
"Hoofdgroep","Omschrijving","Aantal

inkoop eenheden","Aantal

inkoop eenheden",5,"Soepen",24
"Hoofdgroep","Omschrijving","Aantal

inkoop eenheden","Aantal

inkoop eenheden",5,"Soepen",24
"Hoofdgroep","Omschrijving","Aantal

inkoop eenheden","Aantal

inkoop eenheden",5,"Soepen",24
"Hoofdgroep","Omschrijving","Aantal

inkoop eenheden","Aantal

inkoop eenheden",5,"Soepen",24
"Hoofdgroep","Omschrijving","Aantal

inkoop eenheden","Aantal

inkoop eenheden",5,"Soepen",24
"Hoofdgroep","Omschrijving","Aantal

inkoop eenheden","Aantal

inkoop eenheden",5,"Soepen",24
"Hoofdgroep","Omschrijving","Aantal

inkoop eenheden","Aantal

inkoop eenheden",5,"Soepen",24
"Hoofdgroep","Omschrijving","Aantal

inkoop eenheden","Aantal

inkoop eenheden",5,"Soepen",24
"Hoofdgroep","Omschrijving","Aantal

inkoop eenheden","Aantal

inkoop eenheden",5,"Soepen",24
"Hoofdgroep","Omschrijving","Aantal

inkoop eenheden","Aantal

inkoop eenheden",5,"Soepen",24
"Hoofdgroep","Omschrijving","Aantal

inkoop eenheden","Aantal

inkoop eenheden",5,"Soepen",24
"Hoofdgroep","Omschrijving","Aantal

inkoop eenheden","Aantal

inkoop eenheden",5,"Soepen",24
"Hoofdgroep","Omschrijving","Aantal

inkoop eenheden","Aantal

inkoop eenheden",5,"Soepen",24
"Hoofdgroep","Omschrijving","Aantal

inkoop eenheden","Aantal

inkoop eenheden",5,"Soepen",24
"Hoofdgroep","Omschrijving","Aantal

inkoop eenheden","Aantal

inkoop eenheden",5,"Soepen",24
"Hoofdgroep","Omschrijving","Aantal

inkoop eenheden","Aantal

inkoop eenheden",5,"Soepen",24
"Hoofdgroep","Omschrijving","Aantal

inkoop eenheden","Aantal

inkoop eenheden",7,"Broodvervangers",34
"Hoofdgroep","Omschrijving","Aantal

inkoop eenheden","Aantal

inkoop eenheden",7,"Broodvervangers",34
"Hoofdgroep","Omschrijving","Aantal

inkoop eenheden","Aantal

inkoop eenheden",7,"Broodvervangers",34
"Hoofdgroep","Omschrijving","Aantal

inkoop eenheden","Aantal

inkoop eenheden",7,"Broodvervangers",34
"Hoofdgroep","Omschrijving","Aantal

inkoop eenheden","Aantal

inkoop eenheden",7,"Broodvervangers",34
"Hoofdgroep","Omschrijving","Aantal

inkoop eenheden","Aantal

inkoop eenheden",7,"Broodvervangers",34
"Hoofdgroep","Omschrijving","Aantal

inkoop eenheden","Aantal

inkoop eenheden",7,"Broodvervangers",34
"Hoofdgroep","Omschrijving","Aantal

inkoop eenheden","Aantal

inkoop eenheden",7,"Broodvervangers",34
"Hoofdgroep","Omschrijving","Aantal

inkoop eenheden","Aantal

inkoop eenheden",7,"Broodvervangers",34
"Hoofdgroep","Omschrijving","Aantal

inkoop eenheden","Aantal

inkoop eenheden",7,"Broodvervangers",34
"Hoofdgroep","Omschrijving","Aantal

inkoop eenheden","Aantal

inkoop eenheden",7,"Broodvervangers",34
"Hoofdgroep","Omschrijving","Aantal

inkoop eenheden","Aantal

inkoop eenheden",7,"Broodvervangers",34
"Hoofdgroep","Omschrijving","Aantal

inkoop eenheden","Aantal

inkoop eenheden",7,"Broodvervangers",34
"Hoofdgroep","Omschrijving","Aantal

inkoop eenheden","Aantal

inkoop eenheden",7,"Broodvervangers",34
"Hoofdgroep","Omschrijving","Aantal

inkoop eenheden","Aantal

inkoop eenheden",7,"Broodvervangers",34
"Hoofdgroep","Omschrijving","Aantal

inkoop eenheden","Aantal

inkoop eenheden",7,"Broodvervangers",34
"Hoofdgroep","Omschrijving","Aantal

inkoop eenheden","Aantal

inkoop eenheden",7,"Broodvervangers",34
"Hoofdgroep","Omschrijving","Aantal

inkoop eenheden","Aantal

inkoop eenheden",7,"Broodvervangers",34
"Hoofdgroep","Omschrijving","Aantal

inkoop eenheden","Aantal

inkoop eenheden",7,"Broodvervangers",34
"Hoofdgroep","Omschrijving","Aantal

inkoop eenheden","Aantal

inkoop eenheden",7,"Broodvervangers",34
"Hoofdgroep","Omschrijving","Aantal

inkoop eenheden","Aantal

inkoop eenheden",7,"Broodvervangers",34
"Hoofdgroep","Omschrijving","Aantal

inkoop eenheden","Aantal

inkoop eenheden",7,"Broodvervangers",34
"Hoofdgroep","Omschrijving","Aantal

inkoop eenheden","Aantal

inkoop eenheden",7,"Broodvervangers",34
"Hoofdgroep","Omschrijving","Aantal

inkoop eenheden","Aantal

inkoop eenheden",7,"Broodvervangers",34
"Hoofdgroep","Omschrijving","Aantal

inkoop eenheden","Aantal

inkoop eenheden",7,"Broodvervangers",34
"Hoofdgroep","Omschrijving","Aantal

inkoop eenheden","Aantal

inkoop eenheden",7,"Broodvervangers",34
"Hoofdgroep","Omschrijving","Aantal

inkoop eenheden","Aantal

inkoop eenheden",7,"Broodvervangers",34
"Hoofdgroep","Omschrijving","Aantal

inkoop eenheden","Aantal

inkoop eenheden",8,"Broodbeleg",28
"Hoofdgroep","Omschrijving","Aantal

inkoop eenheden","Aantal

inkoop eenheden",8,"Broodbeleg",28
"Hoofdgroep","Omschrijving","Aantal

inkoop eenheden","Aantal

inkoop eenheden",8,"Broodbeleg",28
"Hoofdgroep","Omschrijving","Aantal

inkoop eenheden","Aantal

inkoop eenheden",8,"Broodbeleg",28
"Hoofdgroep","Omschrijving","Aantal

inkoop eenheden","Aantal

inkoop eenheden",8,"Broodbeleg",28
"Hoofdgroep","Omschrijving","Aantal

inkoop eenheden","Aantal

inkoop eenheden",8,"Broodbeleg",28
"Hoofdgroep","Omschrijving","Aantal

inkoop eenheden","Aantal

inkoop eenheden",8,"Broodbeleg",28
"Hoofdgroep","Omschrijving","Aantal

inkoop eenheden","Aantal

inkoop eenheden",8,"Broodbeleg",28
"Hoofdgroep","Omschrijving","Aantal

inkoop eenheden","Aantal

inkoop eenheden",8,"Broodbeleg",28
"Hoofdgroep","Omschrijving","Aantal

inkoop eenheden","Aantal

inkoop eenheden",8,"Broodbeleg",28
"Hoofdgroep","Omschrijving","Aantal

inkoop eenheden","Aantal

inkoop eenheden",8,"Broodbeleg",28
"Hoofdgroep","Omschrijving","Aantal

inkoop eenheden","Aantal

inkoop eenheden",8,"Broodbeleg",28
"Hoofdgroep","Omschrijving","Aantal

inkoop eenheden","Aantal

inkoop eenheden",8,"Broodbeleg",28
"Hoofdgroep","Omschrijving","Aantal

inkoop eenheden","Aantal

inkoop eenheden",8,"Broodbeleg",28
"Hoofdgroep","Omschrijving","Aantal

inkoop eenheden","Aantal

inkoop eenheden",8,"Broodbeleg",28
"Hoofdgroep","Omschrijving","Aantal

inkoop eenheden","Aantal

inkoop eenheden",8,"Broodbeleg",28
"Hoofdgroep","Omschrijving","Aantal

inkoop eenheden","Aantal

inkoop eenheden",8,"Broodbeleg",28
"Hoofdgroep","Omschrijving","Aantal

inkoop eenheden","Aantal

inkoop eenheden",8,"Broodbeleg",28
"Hoofdgroep","Omschrijving","Aantal

inkoop eenheden","Aantal

inkoop eenheden",8,"Broodbeleg",28
"Hoofdgroep","Omschrijving","Aantal

inkoop eenheden","Aantal

inkoop eenheden",8,"Broodbeleg",28
"Hoofdgroep","Omschrijving","Aantal

inkoop eenheden","Aantal

inkoop eenheden",8,"Broodbeleg",28
"Hoofdgroep","Omschrijving","Aantal

inkoop eenheden","Aantal

inkoop eenheden",8,"Broodbeleg",28
"Hoofdgroep","Omschrijving","Aantal

inkoop eenheden","Aantal

inkoop eenheden",8,"Broodbeleg",28
"Hoofdgroep","Omschrijving","Aantal

inkoop eenheden","Aantal

inkoop eenheden",8,"Broodbeleg",28
"Hoofdgroep","Omschrijving","Aantal

inkoop eenheden","Aantal

inkoop eenheden",9,"Kruiden",18
"Hoofdgroep","Omschrijving","Aantal

inkoop eenheden","Aantal

inkoop eenheden",9,"Kruiden",18
"Hoofdgroep","Omschrijving","Aantal

inkoop eenheden","Aantal

inkoop eenheden",9,"Kruiden",18
"Hoofdgroep","Omschrijving","Aantal

inkoop eenheden","Aantal

inkoop eenheden",9,"Kruiden",18
"Hoofdgroep","Omschrijving","Aantal

inkoop eenheden","Aantal

inkoop eenheden",9,"Kruiden",18
"Hoofdgroep","Omschrijving","Aantal

inkoop eenheden","Aantal

inkoop eenheden",9,"Kruiden",18
"Hoofdgroep","Omschrijving","Aantal

inkoop eenheden","Aantal

inkoop eenheden",9,"Kruiden",18
"Hoofdgroep","Omschrijving","Aantal

inkoop eenheden","Aantal

inkoop eenheden",9,"Kruiden",18
"Hoofdgroep","Omschrijving","Aantal

inkoop eenheden","Aantal

inkoop eenheden",9,"Kruiden",18
"Hoofdgroep","Omschrijving","Aantal

inkoop eenheden","Aantal

inkoop eenheden",9,"Kruiden",18
"Hoofdgroep","Omschrijving","Aantal

inkoop eenheden","Aantal

inkoop eenheden",9,"Kruiden",18
"Hoofdgroep","Omschrijving","Aantal

inkoop eenheden","Aantal

inkoop eenheden",9,"Kruiden",18
"Hoofdgroep","Omschrijving","Aantal

inkoop eenheden","Aantal

inkoop eenheden",9,"Kruiden",18
"Hoofdgroep","Omschrijving","Aantal

inkoop eenheden","Aantal

inkoop eenheden",9,"Kruiden",18
"Hoofdgroep","Omschrijving","Aantal

inkoop eenheden","Aantal

inkoop eenheden",9,"Kruiden",18
"Hoofdgroep","Omschrijving","Aantal

inkoop eenheden","Aantal

inkoop eenheden",9,"Kruiden",18
"Hoofdgroep","Omschrijving","Aantal

inkoop eenheden","Aantal

inkoop eenheden",9,"Kruiden",18
"Hoofdgroep","Omschrijving","Aantal

inkoop eenheden","Aantal

inkoop eenheden",10,"Vlees- / viscons.",9
"Hoofdgroep","Omschrijving","Aantal

inkoop eenheden","Aantal

inkoop eenheden",10,"Vlees- / viscons.",9
"Hoofdgroep","Omschrijving","Aantal

inkoop eenheden","Aantal

inkoop eenheden",10,"Vlees- / viscons.",9
"Hoofdgroep","Omschrijving","Aantal

inkoop eenheden","Aantal

inkoop eenheden",10,"Vlees- / viscons.",9
"Hoofdgroep","Omschrijving","Aantal

inkoop eenheden","Aantal

inkoop eenheden",10,"Vlees- / viscons.",9
"Hoofdgroep","Omschrijving","Aantal

inkoop eenheden","Aantal

inkoop eenheden",10,"Vlees- / viscons.",9
"Hoofdgroep","Omschrijving","Aantal

inkoop eenheden","Aantal

inkoop eenheden",10,"Vlees- / viscons.",9
"Hoofdgroep","Omschrijving","Aantal

inkoop eenheden","Aantal

inkoop eenheden",10,"Vlees- / viscons.",9
"Hoofdgroep","Omschrijving","Aantal

inkoop eenheden","Aantal

inkoop eenheden",10,"Vlees- / viscons.",9
"Hoofdgroep","Omschrijving","Aantal

inkoop eenheden","Aantal

inkoop eenheden",11,"Groentencons.",26
"Hoofdgroep","Omschrijving","Aantal

inkoop eenheden","Aantal

inkoop eenheden",11,"Groentencons.",26
"Hoofdgroep","Omschrijving","Aantal

inkoop eenheden","Aantal

inkoop eenheden",11,"Groentencons.",26
"Hoofdgroep","Omschrijving","Aantal

inkoop eenheden","Aantal

inkoop eenheden",11,"Groentencons.",26
"Hoofdgroep","Omschrijving","Aantal

inkoop eenheden","Aantal

inkoop eenheden",11,"Groentencons.",26
"Hoofdgroep","Omschrijving","Aantal

inkoop eenheden","Aantal

inkoop eenheden",11,"Groentencons.",26
"Hoofdgroep","Omschrijving","Aantal

inkoop eenheden","Aantal

inkoop eenheden",11,"Groentencons.",26
"Hoofdgroep","Omschrijving","Aantal

inkoop eenheden","Aantal

inkoop eenheden",11,"Groentencons.",26
"Hoofdgroep","Omschrijving","Aantal

inkoop eenheden","Aantal

inkoop eenheden",11,"Groentencons.",26
"Hoofdgroep","Omschrijving","Aantal

inkoop eenheden","Aantal

inkoop eenheden",11,"Groentencons.",26
"Hoofdgroep","Omschrijving","Aantal

inkoop eenheden","Aantal

inkoop eenheden",11,"Groentencons.",26
"Hoofdgroep","Omschrijving","Aantal

inkoop eenheden","Aantal

inkoop eenheden",11,"Groentencons.",26
"Hoofdgroep","Omschrijving","Aantal

inkoop eenheden","Aantal

inkoop eenheden",11,"Groentencons.",26
"Hoofdgroep","Omschrijving","Aantal

inkoop eenheden","Aantal

inkoop eenheden",11,"Groentencons.",26
"Hoofdgroep","Omschrijving","Aantal

inkoop eenheden","Aantal

inkoop eenheden",11,"Groentencons.",26
"Hoofdgroep","Omschrijving","Aantal

inkoop eenheden","Aantal

inkoop eenheden",11,"Groentencons.",26
"Hoofdgroep","Omschrijving","Aantal

inkoop eenheden","Aantal

inkoop eenheden",11,"Groentencons.",26
"Hoofdgroep","Omschrijving","Aantal

inkoop eenheden","Aantal

inkoop eenheden",11,"Groentencons.",26
"Hoofdgroep","Omschrijving","Aantal

inkoop eenheden","Aantal

inkoop eenheden",11,"Groentencons.",26
"Hoofdgroep","Omschrijving","Aantal

inkoop eenheden","Aantal

inkoop eenheden",11,"Groentencons.",26
"Hoofdgroep","Omschrijving","Aantal

inkoop eenheden","Aantal

inkoop eenheden",11,"Groentencons.",26
"Hoofdgroep","Omschrijving","Aantal

inkoop eenheden","Aantal

inkoop eenheden",11,"Groentencons.",26
"Hoofdgroep","Omschrijving","Aantal

inkoop eenheden","Aantal

inkoop eenheden",11,"Groentencons.",26
"Hoofdgroep","Omschrijving","Aantal

inkoop eenheden","Aantal

inkoop eenheden",11,"Groentencons.",26
"Hoofdgroep","Omschrijving","Aantal

inkoop eenheden","Aantal

inkoop eenheden",12,"Vruchtencons.",3
"Hoofdgroep","Omschrijving","Aantal

inkoop eenheden","Aantal

inkoop eenheden",12,"Vruchtencons.",3
"Hoofdgroep","Omschrijving","Aantal

inkoop eenheden","Aantal

inkoop eenheden",12,"Vruchtencons.",3
"Hoofdgroep","Omschrijving","Aantal

inkoop eenheden","Aantal

inkoop eenheden",13,"Dieet/reform",5
"Hoofdgroep","Omschrijving","Aantal

inkoop eenheden","Aantal

inkoop eenheden",13,"Dieet/reform",5
"Hoofdgroep","Omschrijving","Aantal

inkoop eenheden","Aantal

inkoop eenheden",13,"Dieet/reform",5
"Hoofdgroep","Omschrijving","Aantal

inkoop eenheden","Aantal

inkoop eenheden",13,"Dieet/reform",5
"Hoofdgroep","Omschrijving","Aantal

inkoop eenheden","Aantal

inkoop eenheden",13,"Dieet/reform",5
"Hoofdgroep","Omschrijving","Aantal

inkoop eenheden","Aantal

inkoop eenheden",14,"Baby/kinder",11
"Hoofdgroep","Omschrijving","Aantal

inkoop eenheden","Aantal

inkoop eenheden",14,"Baby/kinder",11
"Hoofdgroep","Omschrijving","Aantal

inkoop eenheden","Aantal

inkoop eenheden",14,"Baby/kinder",11
"Hoofdgroep","Omschrijving","Aantal

inkoop eenheden","Aantal

inkoop eenheden",14,"Baby/kinder",11
"Hoofdgroep","Omschrijving","Aantal

inkoop eenheden","Aantal

inkoop eenheden",14,"Baby/kinder",11
"Hoofdgroep","Omschrijving","Aantal

inkoop eenheden","Aantal

inkoop eenheden",14,"Baby/kinder",11
"Hoofdgroep","Omschrijving","Aantal

inkoop eenheden","Aantal

inkoop eenheden",14,"Baby/kinder",11
"Hoofdgroep","Omschrijving","Aantal

inkoop eenheden","Aantal

inkoop eenheden",14,"Baby/kinder",11
"Hoofdgroep","Omschrijving","Aantal

inkoop eenheden","Aantal

inkoop eenheden",14,"Baby/kinder",11
"Hoofdgroep","Omschrijving","Aantal

inkoop eenheden","Aantal

inkoop eenheden",14,"Baby/kinder",11
"Hoofdgroep","Omschrijving","Aantal

inkoop eenheden","Aantal

inkoop eenheden",14,"Baby/kinder",11
"Hoofdgroep","Omschrijving","Aantal

inkoop eenheden","Aantal

inkoop eenheden",15,"Koek",25
"Hoofdgroep","Omschrijving","Aantal

inkoop eenheden","Aantal

inkoop eenheden",15,"Koek",25
"Hoofdgroep","Omschrijving","Aantal

inkoop eenheden","Aantal

inkoop eenheden",15,"Koek",25
"Hoofdgroep","Omschrijving","Aantal

inkoop eenheden","Aantal

inkoop eenheden",15,"Koek",25
"Hoofdgroep","Omschrijving","Aantal

inkoop eenheden","Aantal

inkoop eenheden",15,"Koek",25
"Hoofdgroep","Omschrijving","Aantal

inkoop eenheden","Aantal

inkoop eenheden",15,"Koek",25
"Hoofdgroep","Omschrijving","Aantal

inkoop eenheden","Aantal

inkoop eenheden",15,"Koek",25
"Hoofdgroep","Omschrijving","Aantal

inkoop eenheden","Aantal

inkoop eenheden",15,"Koek",25
"Hoofdgroep","Omschrijving","Aantal

inkoop eenheden","Aantal

inkoop eenheden",15,"Koek",25
"Hoofdgroep","Omschrijving","Aantal

inkoop eenheden","Aantal

inkoop eenheden",15,"Koek",25
"Hoofdgroep","Omschrijving","Aantal

inkoop eenheden","Aantal

inkoop eenheden",15,"Koek",25
"Hoofdgroep","Omschrijving","Aantal

inkoop eenheden","Aantal

inkoop eenheden",15,"Koek",25
"Hoofdgroep","Omschrijving","Aantal

inkoop eenheden","Aantal

inkoop eenheden",15,"Koek",25
"Hoofdgroep","Omschrijving","Aantal

inkoop eenheden","Aantal

inkoop eenheden",15,"Koek",25
"Hoofdgroep","Omschrijving","Aantal

inkoop eenheden","Aantal

inkoop eenheden",15,"Koek",25
"Hoofdgroep","Omschrijving","Aantal

inkoop eenheden","Aantal

inkoop eenheden",15,"Koek",25
"Hoofdgroep","Omschrijving","Aantal

inkoop eenheden","Aantal

inkoop eenheden",15,"Koek",25
"Hoofdgroep","Omschrijving","Aantal

inkoop eenheden","Aantal

inkoop eenheden",15,"Koek",25
"Hoofdgroep","Omschrijving","Aantal

inkoop eenheden","Aantal

inkoop eenheden",15,"Koek",25
"Hoofdgroep","Omschrijving","Aantal

inkoop eenheden","Aantal

inkoop eenheden",15,"Koek",25
"Hoofdgroep","Omschrijving","Aantal

inkoop eenheden","Aantal

inkoop eenheden",15,"Koek",25
"Hoofdgroep","Omschrijving","Aantal

inkoop eenheden","Aantal

inkoop eenheden",15,"Koek",25
"Hoofdgroep","Omschrijving","Aantal

inkoop eenheden","Aantal

inkoop eenheden",15,"Koek",25
"Hoofdgroep","Omschrijving","Aantal

inkoop eenheden","Aantal

inkoop eenheden",15,"Koek",25
"Hoofdgroep","Omschrijving","Aantal

inkoop eenheden","Aantal

inkoop eenheden",15,"Koek",25
"Hoofdgroep","Omschrijving","Aantal

inkoop eenheden","Aantal

inkoop eenheden",16,"Snoep",48
"Hoofdgroep","Omschrijving","Aantal

inkoop eenheden","Aantal

inkoop eenheden",16,"Snoep",48
"Hoofdgroep","Omschrijving","Aantal

inkoop eenheden","Aantal

inkoop eenheden",16,"Snoep",48
"Hoofdgroep","Omschrijving","Aantal

inkoop eenheden","Aantal

inkoop eenheden",16,"Snoep",48
"Hoofdgroep","Omschrijving","Aantal

inkoop eenheden","Aantal

inkoop eenheden",16,"Snoep",48
"Hoofdgroep","Omschrijving","Aantal

inkoop eenheden","Aantal

inkoop eenheden",16,"Snoep",48
"Hoofdgroep","Omschrijving","Aantal

inkoop eenheden","Aantal

inkoop eenheden",16,"Snoep",48
"Hoofdgroep","Omschrijving","Aantal

inkoop eenheden","Aantal

inkoop eenheden",16,"Snoep",48
"Hoofdgroep","Omschrijving","Aantal

inkoop eenheden","Aantal

inkoop eenheden",16,"Snoep",48
"Hoofdgroep","Omschrijving","Aantal

inkoop eenheden","Aantal

inkoop eenheden",16,"Snoep",48
"Hoofdgroep","Omschrijving","Aantal

inkoop eenheden","Aantal

inkoop eenheden",16,"Snoep",48
"Hoofdgroep","Omschrijving","Aantal

inkoop eenheden","Aantal

inkoop eenheden",16,"Snoep",48
"Hoofdgroep","Omschrijving","Aantal

inkoop eenheden","Aantal

inkoop eenheden",16,"Snoep",48
"Hoofdgroep","Omschrijving","Aantal

inkoop eenheden","Aantal

inkoop eenheden",16,"Snoep",48
"Hoofdgroep","Omschrijving","Aantal

inkoop eenheden","Aantal

inkoop eenheden",16,"Snoep",48
"Hoofdgroep","Omschrijving","Aantal

inkoop eenheden","Aantal

inkoop eenheden",16,"Snoep",48
"Hoofdgroep","Omschrijving","Aantal

inkoop eenheden","Aantal

inkoop eenheden",16,"Snoep",48
"Hoofdgroep","Omschrijving","Aantal

inkoop eenheden","Aantal

inkoop eenheden",16,"Snoep",48
"Hoofdgroep","Omschrijving","Aantal

inkoop eenheden","Aantal

inkoop eenheden",16,"Snoep",48
"Hoofdgroep","Omschrijving","Aantal

inkoop eenheden","Aantal

inkoop eenheden",16,"Snoep",48
"Hoofdgroep","Omschrijving","Aantal

inkoop eenheden","Aantal

inkoop eenheden",16,"Snoep",48
"Hoofdgroep","Omschrijving","Aantal

inkoop eenheden","Aantal

inkoop eenheden",16,"Snoep",48
"Hoofdgroep","Omschrijving","Aantal

inkoop eenheden","Aantal

inkoop eenheden",16,"Snoep",48
"Hoofdgroep","Omschrijving","Aantal

inkoop eenheden","Aantal

inkoop eenheden",16,"Snoep",48
"Hoofdgroep","Omschrijving","Aantal

inkoop eenheden","Aantal

inkoop eenheden",16,"Snoep",48
"Hoofdgroep","Omschrijving","Aantal

inkoop eenheden","Aantal

inkoop eenheden",16,"Snoep",48
"Hoofdgroep","Omschrijving","Aantal

inkoop eenheden","Aantal

inkoop eenheden",16,"Snoep",48
"Hoofdgroep","Omschrijving","Aantal

inkoop eenheden","Aantal

inkoop eenheden",16,"Snoep",48
"Hoofdgroep","Omschrijving","Aantal

inkoop eenheden","Aantal

inkoop eenheden",16,"Snoep",48
"Hoofdgroep","Omschrijving","Aantal

inkoop eenheden","Aantal

inkoop eenheden",16,"Snoep",48
"Hoofdgroep","Omschrijving","Aantal

inkoop eenheden","Aantal

inkoop eenheden",16,"Snoep",48
"Hoofdgroep","Omschrijving","Aantal

inkoop eenheden","Aantal

inkoop eenheden",16,"Snoep",48
"Hoofdgroep","Omschrijving","Aantal

inkoop eenheden","Aantal

inkoop eenheden",16,"Snoep",48
"Hoofdgroep","Omschrijving","Aantal

inkoop eenheden","Aantal

inkoop eenheden",16,"Snoep",48
"Hoofdgroep","Omschrijving","Aantal

inkoop eenheden","Aantal

inkoop eenheden",16,"Snoep",48
"Hoofdgroep","Omschrijving","Aantal

inkoop eenheden","Aantal

inkoop eenheden",16,"Snoep",48
"Hoofdgroep","Omschrijving","Aantal

inkoop eenheden","Aantal

inkoop eenheden",16,"Snoep",48
"Hoofdgroep","Omschrijving","Aantal

inkoop eenheden","Aantal

inkoop eenheden",16,"Snoep",48
"Hoofdgroep","Omschrijving","Aantal

inkoop eenheden","Aantal

inkoop eenheden",16,"Snoep",48
"Hoofdgroep","Omschrijving","Aantal

inkoop eenheden","Aantal

inkoop eenheden",16,"Snoep",48
"Hoofdgroep","Omschrijving","Aantal

inkoop eenheden","Aantal

inkoop eenheden",16,"Snoep",48
"Hoofdgroep","Omschrijving","Aantal

inkoop eenheden","Aantal

inkoop eenheden",16,"Snoep",48
"Hoofdgroep","Omschrijving","Aantal

inkoop eenheden","Aantal

inkoop eenheden",16,"Snoep",48
"Hoofdgroep","Omschrijving","Aantal

inkoop eenheden","Aantal

inkoop eenheden",16,"Snoep",48
"Hoofdgroep","Omschrijving","Aantal

inkoop eenheden","Aantal

inkoop eenheden",16,"Snoep",48
"Hoofdgroep","Omschrijving","Aantal

inkoop eenheden","Aantal

inkoop eenheden",16,"Snoep",48
"Hoofdgroep","Omschrijving","Aantal

inkoop eenheden","Aantal

inkoop eenheden",16,"Snoep",48
"Hoofdgroep","Omschrijving","Aantal

inkoop eenheden","Aantal

inkoop eenheden",16,"Snoep",48
"Hoofdgroep","Omschrijving","Aantal

inkoop eenheden","Aantal

inkoop eenheden",17,"Chips",65
"Hoofdgroep","Omschrijving","Aantal

inkoop eenheden","Aantal

inkoop eenheden",17,"Chips",65
"Hoofdgroep","Omschrijving","Aantal

inkoop eenheden","Aantal

inkoop eenheden",17,"Chips",65
"Hoofdgroep","Omschrijving","Aantal

inkoop eenheden","Aantal

inkoop eenheden",17,"Chips",65
"Hoofdgroep","Omschrijving","Aantal

inkoop eenheden","Aantal

inkoop eenheden",17,"Chips",65
"Hoofdgroep","Omschrijving","Aantal

inkoop eenheden","Aantal

inkoop eenheden",17,"Chips",65
"Hoofdgroep","Omschrijving","Aantal

inkoop eenheden","Aantal

inkoop eenheden",17,"Chips",65
"Hoofdgroep","Omschrijving","Aantal

inkoop eenheden","Aantal

inkoop eenheden",17,"Chips",65
"Hoofdgroep","Omschrijving","Aantal

inkoop eenheden","Aantal

inkoop eenheden",17,"Chips",65
"Hoofdgroep","Omschrijving","Aantal

inkoop eenheden","Aantal

inkoop eenheden",17,"Chips",65
"Hoofdgroep","Omschrijving","Aantal

inkoop eenheden","Aantal

inkoop eenheden",17,"Chips",65
"Hoofdgroep","Omschrijving","Aantal

inkoop eenheden","Aantal

inkoop eenheden",17,"Chips",65
"Hoofdgroep","Omschrijving","Aantal

inkoop eenheden","Aantal

inkoop eenheden",17,"Chips",65
"Hoofdgroep","Omschrijving","Aantal

inkoop eenheden","Aantal

inkoop eenheden",17,"Chips",65
"Hoofdgroep","Omschrijving","Aantal

inkoop eenheden","Aantal

inkoop eenheden",17,"Chips",65
"Hoofdgroep","Omschrijving","Aantal

inkoop eenheden","Aantal

inkoop eenheden",17,"Chips",65
"Hoofdgroep","Omschrijving","Aantal

inkoop eenheden","Aantal

inkoop eenheden",17,"Chips",65
"Hoofdgroep","Omschrijving","Aantal

inkoop eenheden","Aantal

inkoop eenheden",17,"Chips",65
"Hoofdgroep","Omschrijving","Aantal

inkoop eenheden","Aantal

inkoop eenheden",17,"Chips",65
"Hoofdgroep","Omschrijving","Aantal

inkoop eenheden","Aantal

inkoop eenheden",17,"Chips",65
"Hoofdgroep","Omschrijving","Aantal

inkoop eenheden","Aantal

inkoop eenheden",17,"Chips",65
"Hoofdgroep","Omschrijving","Aantal

inkoop eenheden","Aantal

inkoop eenheden",17,"Chips",65
"Hoofdgroep","Omschrijving","Aantal

inkoop eenheden","Aantal

inkoop eenheden",17,"Chips",65
"Hoofdgroep","Omschrijving","Aantal

inkoop eenheden","Aantal

inkoop eenheden",17,"Chips",65
"Hoofdgroep","Omschrijving","Aantal

inkoop eenheden","Aantal

inkoop eenheden",17,"Chips",65
"Hoofdgroep","Omschrijving","Aantal

inkoop eenheden","Aantal

inkoop eenheden",17,"Chips",65
"Hoofdgroep","Omschrijving","Aantal

inkoop eenheden","Aantal

inkoop eenheden",17,"Chips",65
"Hoofdgroep","Omschrijving","Aantal

inkoop eenheden","Aantal

inkoop eenheden",17,"Chips",65
"Hoofdgroep","Omschrijving","Aantal

inkoop eenheden","Aantal

inkoop eenheden",17,"Chips",65
"Hoofdgroep","Omschrijving","Aantal

inkoop eenheden","Aantal

inkoop eenheden",17,"Chips",65
"Hoofdgroep","Omschrijving","Aantal

inkoop eenheden","Aantal

inkoop eenheden",17,"Chips",65
"Hoofdgroep","Omschrijving","Aantal

inkoop eenheden","Aantal

inkoop eenheden",17,"Chips",65
"Hoofdgroep","Omschrijving","Aantal

inkoop eenheden","Aantal

inkoop eenheden",17,"Chips",65
"Hoofdgroep","Omschrijving","Aantal

inkoop eenheden","Aantal

inkoop eenheden",17,"Chips",65
"Hoofdgroep","Omschrijving","Aantal

inkoop eenheden","Aantal

inkoop eenheden",17,"Chips",65
"Hoofdgroep","Omschrijving","Aantal

inkoop eenheden","Aantal

inkoop eenheden",17,"Chips",65
"Hoofdgroep","Omschrijving","Aantal

inkoop eenheden","Aantal

inkoop eenheden",17,"Chips",65
"Hoofdgroep","Omschrijving","Aantal

inkoop eenheden","Aantal

inkoop eenheden",17,"Chips",65
"Hoofdgroep","Omschrijving","Aantal

inkoop eenheden","Aantal

inkoop eenheden",17,"Chips",65
"Hoofdgroep","Omschrijving","Aantal

inkoop eenheden","Aantal

inkoop eenheden",17,"Chips",65
"Hoofdgroep","Omschrijving","Aantal

inkoop eenheden","Aantal

inkoop eenheden",17,"Chips",65
"Hoofdgroep","Omschrijving","Aantal

inkoop eenheden","Aantal

inkoop eenheden",17,"Chips",65
"Hoofdgroep","Omschrijving","Aantal

inkoop eenheden","Aantal

inkoop eenheden",17,"Chips",65
"Hoofdgroep","Omschrijving","Aantal

inkoop eenheden","Aantal

inkoop eenheden",17,"Chips",65
"Hoofdgroep","Omschrijving","Aantal

inkoop eenheden","Aantal

inkoop eenheden",17,"Chips",65
"Hoofdgroep","Omschrijving","Aantal

inkoop eenheden","Aantal

inkoop eenheden",17,"Chips",65
"Hoofdgroep","Omschrijving","Aantal

inkoop eenheden","Aantal

inkoop eenheden",17,"Chips",65
"Hoofdgroep","Omschrijving","Aantal

inkoop eenheden","Aantal

inkoop eenheden",17,"Chips",65
"Hoofdgroep","Omschrijving","Aantal

inkoop eenheden","Aantal

inkoop eenheden",17,"Chips",65
"Hoofdgroep","Omschrijving","Aantal

inkoop eenheden","Aantal

inkoop eenheden",17,"Chips",65
"Hoofdgroep","Omschrijving","Aantal

inkoop eenheden","Aantal

inkoop eenheden",17,"Chips",65
"Hoofdgroep","Omschrijving","Aantal

inkoop eenheden","Aantal

inkoop eenheden",17,"Chips",65
"Hoofdgroep","Omschrijving","Aantal

inkoop eenheden","Aantal

inkoop eenheden",17,"Chips",65
"Hoofdgroep","Omschrijving","Aantal

inkoop eenheden","Aantal

inkoop eenheden",17,"Chips",65
"Hoofdgroep","Omschrijving","Aantal

inkoop eenheden","Aantal

inkoop eenheden",17,"Chips",65
"Hoofdgroep","Omschrijving","Aantal

inkoop eenheden","Aantal

inkoop eenheden",17,"Chips",65
"Hoofdgroep","Omschrijving","Aantal

inkoop eenheden","Aantal

inkoop eenheden",17,"Chips",65
"Hoofdgroep","Omschrijving","Aantal

inkoop eenheden","Aantal

inkoop eenheden",17,"Chips",65
"Hoofdgroep","Omschrijving","Aantal

inkoop eenheden","Aantal

inkoop eenheden",17,"Chips",65
"Hoofdgroep","Omschrijving","Aantal

inkoop eenheden","Aantal

inkoop eenheden",17,"Chips",65
"Hoofdgroep","Omschrijving","Aantal

inkoop eenheden","Aantal

inkoop eenheden",17,"Chips",65
"Hoofdgroep","Omschrijving","Aantal

inkoop eenheden","Aantal

inkoop eenheden",17,"Chips",65
"Hoofdgroep","Omschrijving","Aantal

inkoop eenheden","Aantal

inkoop eenheden",18,"Koffiemelk",7
"Hoofdgroep","Omschrijving","Aantal

inkoop eenheden","Aantal

inkoop eenheden",18,"Koffiemelk",7
"Hoofdgroep","Omschrijving","Aantal

inkoop eenheden","Aantal

inkoop eenheden",18,"Koffiemelk",7
"Hoofdgroep","Omschrijving","Aantal

inkoop eenheden","Aantal

inkoop eenheden",18,"Koffiemelk",7
"Hoofdgroep","Omschrijving","Aantal

inkoop eenheden","Aantal

inkoop eenheden",18,"Koffiemelk",7
"Hoofdgroep","Omschrijving","Aantal

inkoop eenheden","Aantal

inkoop eenheden",18,"Koffiemelk",7
"Hoofdgroep","Omschrijving","Aantal

inkoop eenheden","Aantal

inkoop eenheden",18,"Koffiemelk",7
"Hoofdgroep","Omschrijving","Aantal

inkoop eenheden","Aantal

inkoop eenheden",19,"Dranken alc.vrij",189
"Hoofdgroep","Omschrijving","Aantal

inkoop eenheden","Aantal

inkoop eenheden",19,"Dranken alc.vrij",189
"Hoofdgroep","Omschrijving","Aantal

inkoop eenheden","Aantal

inkoop eenheden",19,"Dranken alc.vrij",189
"Hoofdgroep","Omschrijving","Aantal

inkoop eenheden","Aantal

inkoop eenheden",19,"Dranken alc.vrij",189
"Hoofdgroep","Omschrijving","Aantal

inkoop eenheden","Aantal

inkoop eenheden",19,"Dranken alc.vrij",189
"Hoofdgroep","Omschrijving","Aantal

inkoop eenheden","Aantal

inkoop eenheden",19,"Dranken alc.vrij",189
"Hoofdgroep","Omschrijving","Aantal

inkoop eenheden","Aantal

inkoop eenheden",19,"Dranken alc.vrij",189
"Hoofdgroep","Omschrijving","Aantal

inkoop eenheden","Aantal

inkoop eenheden",19,"Dranken alc.vrij",189
"Hoofdgroep","Omschrijving","Aantal

inkoop eenheden","Aantal

inkoop eenheden",19,"Dranken alc.vrij",189
"Hoofdgroep","Omschrijving","Aantal

inkoop eenheden","Aantal

inkoop eenheden",19,"Dranken alc.vrij",189
"Hoofdgroep","Omschrijving","Aantal

inkoop eenheden","Aantal

inkoop eenheden",19,"Dranken alc.vrij",189
"Hoofdgroep","Omschrijving","Aantal

inkoop eenheden","Aantal

inkoop eenheden",19,"Dranken alc.vrij",189
"Hoofdgroep","Omschrijving","Aantal

inkoop eenheden","Aantal

inkoop eenheden",19,"Dranken alc.vrij",189
"Hoofdgroep","Omschrijving","Aantal

inkoop eenheden","Aantal

inkoop eenheden",19,"Dranken alc.vrij",189
"Hoofdgroep","Omschrijving","Aantal

inkoop eenheden","Aantal

inkoop eenheden",19,"Dranken alc.vrij",189
"Hoofdgroep","Omschrijving","Aantal

inkoop eenheden","Aantal

inkoop eenheden",19,"Dranken alc.vrij",189
"Hoofdgroep","Omschrijving","Aantal

inkoop eenheden","Aantal

inkoop eenheden",19,"Dranken alc.vrij",189
"Hoofdgroep","Omschrijving","Aantal

inkoop eenheden","Aantal

inkoop eenheden",19,"Dranken alc.vrij",189
"Hoofdgroep","Omschrijving","Aantal

inkoop eenheden","Aantal

inkoop eenheden",19,"Dranken alc.vrij",189
"Hoofdgroep","Omschrijving","Aantal

inkoop eenheden","Aantal

inkoop eenheden",19,"Dranken alc.vrij",189
"Hoofdgroep","Omschrijving","Aantal

inkoop eenheden","Aantal

inkoop eenheden",19,"Dranken alc.vrij",189
"Hoofdgroep","Omschrijving","Aantal

inkoop eenheden","Aantal

inkoop eenheden",19,"Dranken alc.vrij",189
"Hoofdgroep","Omschrijving","Aantal

inkoop eenheden","Aantal

inkoop eenheden",19,"Dranken alc.vrij",189
"Hoofdgroep","Omschrijving","Aantal

inkoop eenheden","Aantal

inkoop eenheden",19,"Dranken alc.vrij",189
"Hoofdgroep","Omschrijving","Aantal

inkoop eenheden","Aantal

inkoop eenheden",19,"Dranken alc.vrij",189
"Hoofdgroep","Omschrijving","Aantal

inkoop eenheden","Aantal

inkoop eenheden",19,"Dranken alc.vrij",189
"Hoofdgroep","Omschrijving","Aantal

inkoop eenheden","Aantal

inkoop eenheden",19,"Dranken alc.vrij",189
"Hoofdgroep","Omschrijving","Aantal

inkoop eenheden","Aantal

inkoop eenheden",19,"Dranken alc.vrij",189
"Hoofdgroep","Omschrijving","Aantal

inkoop eenheden","Aantal

inkoop eenheden",19,"Dranken alc.vrij",189
"Hoofdgroep","Omschrijving","Aantal

inkoop eenheden","Aantal

inkoop eenheden",19,"Dranken alc.vrij",189
"Hoofdgroep","Omschrijving","Aantal

inkoop eenheden","Aantal

inkoop eenheden",19,"Dranken alc.vrij",189
"Hoofdgroep","Omschrijving","Aantal

inkoop eenheden","Aantal

inkoop eenheden",19,"Dranken alc.vrij",189
"Hoofdgroep","Omschrijving","Aantal

inkoop eenheden","Aantal

inkoop eenheden",19,"Dranken alc.vrij",189
"Hoofdgroep","Omschrijving","Aantal

inkoop eenheden","Aantal

inkoop eenheden",19,"Dranken alc.vrij",189
"Hoofdgroep","Omschrijving","Aantal

inkoop eenheden","Aantal

inkoop eenheden",19,"Dranken alc.vrij",189
"Hoofdgroep","Omschrijving","Aantal

inkoop eenheden","Aantal

inkoop eenheden",19,"Dranken alc.vrij",189
"Hoofdgroep","Omschrijving","Aantal

inkoop eenheden","Aantal

inkoop eenheden",19,"Dranken alc.vrij",189
"Hoofdgroep","Omschrijving","Aantal

inkoop eenheden","Aantal

inkoop eenheden",19,"Dranken alc.vrij",189
"Hoofdgroep","Omschrijving","Aantal

inkoop eenheden","Aantal

inkoop eenheden",19,"Dranken alc.vrij",189
"Hoofdgroep","Omschrijving","Aantal

inkoop eenheden","Aantal

inkoop eenheden",19,"Dranken alc.vrij",189
"Hoofdgroep","Omschrijving","Aantal

inkoop eenheden","Aantal

inkoop eenheden",19,"Dranken alc.vrij",189
"Hoofdgroep","Omschrijving","Aantal

inkoop eenheden","Aantal

inkoop eenheden",19,"Dranken alc.vrij",189
"Hoofdgroep","Omschrijving","Aantal

inkoop eenheden","Aantal

inkoop eenheden",19,"Dranken alc.vrij",189
"Hoofdgroep","Omschrijving","Aantal

inkoop eenheden","Aantal

inkoop eenheden",19,"Dranken alc.vrij",189
"Hoofdgroep","Omschrijving","Aantal

inkoop eenheden","Aantal

inkoop eenheden",19,"Dranken alc.vrij",189
"Hoofdgroep","Omschrijving","Aantal

inkoop eenheden","Aantal

inkoop eenheden",19,"Dranken alc.vrij",189
"Hoofdgroep","Omschrijving","Aantal

inkoop eenheden","Aantal

inkoop eenheden",19,"Dranken alc.vrij",189
"Hoofdgroep","Omschrijving","Aantal

inkoop eenheden","Aantal

inkoop eenheden",19,"Dranken alc.vrij",189
"Hoofdgroep","Omschrijving","Aantal

inkoop eenheden","Aantal

inkoop eenheden",19,"Dranken alc.vrij",189
"Hoofdgroep","Omschrijving","Aantal

inkoop eenheden","Aantal

inkoop eenheden",19,"Dranken alc.vrij",189
"Hoofdgroep","Omschrijving","Aantal

inkoop eenheden","Aantal

inkoop eenheden",19,"Dranken alc.vrij",189
"Hoofdgroep","Omschrijving","Aantal

inkoop eenheden","Aantal

inkoop eenheden",19,"Dranken alc.vrij",189
"Hoofdgroep","Omschrijving","Aantal

inkoop eenheden","Aantal

inkoop eenheden",19,"Dranken alc.vrij",189
"Hoofdgroep","Omschrijving","Aantal

inkoop eenheden","Aantal

inkoop eenheden",19,"Dranken alc.vrij",189
"Hoofdgroep","Omschrijving","Aantal

inkoop eenheden","Aantal

inkoop eenheden",19,"Dranken alc.vrij",189
"Hoofdgroep","Omschrijving","Aantal

inkoop eenheden","Aantal

inkoop eenheden",19,"Dranken alc.vrij",189
"Hoofdgroep","Omschrijving","Aantal

inkoop eenheden","Aantal

inkoop eenheden",19,"Dranken alc.vrij",189
"Hoofdgroep","Omschrijving","Aantal

inkoop eenheden","Aantal

inkoop eenheden",19,"Dranken alc.vrij",189
"Hoofdgroep","Omschrijving","Aantal

inkoop eenheden","Aantal

inkoop eenheden",19,"Dranken alc.vrij",189
"Hoofdgroep","Omschrijving","Aantal

inkoop eenheden","Aantal

inkoop eenheden",19,"Dranken alc.vrij",189
"Hoofdgroep","Omschrijving","Aantal

inkoop eenheden","Aantal

inkoop eenheden",19,"Dranken alc.vrij",189
"Hoofdgroep","Omschrijving","Aantal

inkoop eenheden","Aantal

inkoop eenheden",19,"Dranken alc.vrij",189
"Hoofdgroep","Omschrijving","Aantal

inkoop eenheden","Aantal

inkoop eenheden",19,"Dranken alc.vrij",189
"Hoofdgroep","Omschrijving","Aantal

inkoop eenheden","Aantal

inkoop eenheden",19,"Dranken alc.vrij",189
"Hoofdgroep","Omschrijving","Aantal

inkoop eenheden","Aantal

inkoop eenheden",19,"Dranken alc.vrij",189
"Hoofdgroep","Omschrijving","Aantal

inkoop eenheden","Aantal

inkoop eenheden",19,"Dranken alc.vrij",189
"Hoofdgroep","Omschrijving","Aantal

inkoop eenheden","Aantal

inkoop eenheden",19,"Dranken alc.vrij",189
"Hoofdgroep","Omschrijving","Aantal

inkoop eenheden","Aantal

inkoop eenheden",19,"Dranken alc.vrij",189
"Hoofdgroep","Omschrijving","Aantal

inkoop eenheden","Aantal

inkoop eenheden",19,"Dranken alc.vrij",189
"Hoofdgroep","Omschrijving","Aantal

inkoop eenheden","Aantal

inkoop eenheden",19,"Dranken alc.vrij",189
"Hoofdgroep","Omschrijving","Aantal

inkoop eenheden","Aantal

inkoop eenheden",19,"Dranken alc.vrij",189
"Hoofdgroep","Omschrijving","Aantal

inkoop eenheden","Aantal

inkoop eenheden",19,"Dranken alc.vrij",189
"Hoofdgroep","Omschrijving","Aantal

inkoop eenheden","Aantal

inkoop eenheden",19,"Dranken alc.vrij",189
"Hoofdgroep","Omschrijving","Aantal

inkoop eenheden","Aantal

inkoop eenheden",19,"Dranken alc.vrij",189
"Hoofdgroep","Omschrijving","Aantal

inkoop eenheden","Aantal

inkoop eenheden",19,"Dranken alc.vrij",189
"Hoofdgroep","Omschrijving","Aantal

inkoop eenheden","Aantal

inkoop eenheden",19,"Dranken alc.vrij",189
"Hoofdgroep","Omschrijving","Aantal

inkoop eenheden","Aantal

inkoop eenheden",19,"Dranken alc.vrij",189
"Hoofdgroep","Omschrijving","Aantal

inkoop eenheden","Aantal

inkoop eenheden",19,"Dranken alc.vrij",189
"Hoofdgroep","Omschrijving","Aantal

inkoop eenheden","Aantal

inkoop eenheden",19,"Dranken alc.vrij",189
"Hoofdgroep","Omschrijving","Aantal

inkoop eenheden","Aantal

inkoop eenheden",19,"Dranken alc.vrij",189
"Hoofdgroep","Omschrijving","Aantal

inkoop eenheden","Aantal

inkoop eenheden",19,"Dranken alc.vrij",189
"Hoofdgroep","Omschrijving","Aantal

inkoop eenheden","Aantal

inkoop eenheden",19,"Dranken alc.vrij",189
"Hoofdgroep","Omschrijving","Aantal

inkoop eenheden","Aantal

inkoop eenheden",19,"Dranken alc.vrij",189
"Hoofdgroep","Omschrijving","Aantal

inkoop eenheden","Aantal

inkoop eenheden",19,"Dranken alc.vrij",189
"Hoofdgroep","Omschrijving","Aantal

inkoop eenheden","Aantal

inkoop eenheden",19,"Dranken alc.vrij",189
"Hoofdgroep","Omschrijving","Aantal

inkoop eenheden","Aantal

inkoop eenheden",19,"Dranken alc.vrij",189
"Hoofdgroep","Omschrijving","Aantal

inkoop eenheden","Aantal

inkoop eenheden",19,"Dranken alc.vrij",189
"Hoofdgroep","Omschrijving","Aantal

inkoop eenheden","Aantal

inkoop eenheden",19,"Dranken alc.vrij",189
"Hoofdgroep","Omschrijving","Aantal

inkoop eenheden","Aantal

inkoop eenheden",19,"Dranken alc.vrij",189
"Hoofdgroep","Omschrijving","Aantal

inkoop eenheden","Aantal

inkoop eenheden",19,"Dranken alc.vrij",189
"Hoofdgroep","Omschrijving","Aantal

inkoop eenheden","Aantal

inkoop eenheden",19,"Dranken alc.vrij",189
"Hoofdgroep","Omschrijving","Aantal

inkoop eenheden","Aantal

inkoop eenheden",19,"Dranken alc.vrij",189
"Hoofdgroep","Omschrijving","Aantal

inkoop eenheden","Aantal

inkoop eenheden",19,"Dranken alc.vrij",189
"Hoofdgroep","Omschrijving","Aantal

inkoop eenheden","Aantal

inkoop eenheden",19,"Dranken alc.vrij",189
"Hoofdgroep","Omschrijving","Aantal

inkoop eenheden","Aantal

inkoop eenheden",19,"Dranken alc.vrij",189
"Hoofdgroep","Omschrijving","Aantal

inkoop eenheden","Aantal

inkoop eenheden",19,"Dranken alc.vrij",189
"Hoofdgroep","Omschrijving","Aantal

inkoop eenheden","Aantal

inkoop eenheden",19,"Dranken alc.vrij",189
"Hoofdgroep","Omschrijving","Aantal

inkoop eenheden","Aantal

inkoop eenheden",19,"Dranken alc.vrij",189
"Hoofdgroep","Omschrijving","Aantal

inkoop eenheden","Aantal

inkoop eenheden",19,"Dranken alc.vrij",189
"Hoofdgroep","Omschrijving","Aantal

inkoop eenheden","Aantal

inkoop eenheden",19,"Dranken alc.vrij",189
"Hoofdgroep","Omschrijving","Aantal

inkoop eenheden","Aantal

inkoop eenheden",19,"Dranken alc.vrij",189
"Hoofdgroep","Omschrijving","Aantal

inkoop eenheden","Aantal

inkoop eenheden",19,"Dranken alc.vrij",189
"Hoofdgroep","Omschrijving","Aantal

inkoop eenheden","Aantal

inkoop eenheden",19,"Dranken alc.vrij",189
"Hoofdgroep","Omschrijving","Aantal

inkoop eenheden","Aantal

inkoop eenheden",19,"Dranken alc.vrij",189
"Hoofdgroep","Omschrijving","Aantal

inkoop eenheden","Aantal

inkoop eenheden",19,"Dranken alc.vrij",189
"Hoofdgroep","Omschrijving","Aantal

inkoop eenheden","Aantal

inkoop eenheden",19,"Dranken alc.vrij",189
"Hoofdgroep","Omschrijving","Aantal

inkoop eenheden","Aantal

inkoop eenheden",19,"Dranken alc.vrij",189
"Hoofdgroep","Omschrijving","Aantal

inkoop eenheden","Aantal

inkoop eenheden",19,"Dranken alc.vrij",189
"Hoofdgroep","Omschrijving","Aantal

inkoop eenheden","Aantal

inkoop eenheden",19,"Dranken alc.vrij",189
"Hoofdgroep","Omschrijving","Aantal

inkoop eenheden","Aantal

inkoop eenheden",19,"Dranken alc.vrij",189
"Hoofdgroep","Omschrijving","Aantal

inkoop eenheden","Aantal

inkoop eenheden",19,"Dranken alc.vrij",189
"Hoofdgroep","Omschrijving","Aantal

inkoop eenheden","Aantal

inkoop eenheden",19,"Dranken alc.vrij",189
"Hoofdgroep","Omschrijving","Aantal

inkoop eenheden","Aantal

inkoop eenheden",19,"Dranken alc.vrij",189
"Hoofdgroep","Omschrijving","Aantal

inkoop eenheden","Aantal

inkoop eenheden",19,"Dranken alc.vrij",189
"Hoofdgroep","Omschrijving","Aantal

inkoop eenheden","Aantal

inkoop eenheden",19,"Dranken alc.vrij",189
"Hoofdgroep","Omschrijving","Aantal

inkoop eenheden","Aantal

inkoop eenheden",19,"Dranken alc.vrij",189
"Hoofdgroep","Omschrijving","Aantal

inkoop eenheden","Aantal

inkoop eenheden",19,"Dranken alc.vrij",189
"Hoofdgroep","Omschrijving","Aantal

inkoop eenheden","Aantal

inkoop eenheden",19,"Dranken alc.vrij",189
"Hoofdgroep","Omschrijving","Aantal

inkoop eenheden","Aantal

inkoop eenheden",19,"Dranken alc.vrij",189
"Hoofdgroep","Omschrijving","Aantal

inkoop eenheden","Aantal

inkoop eenheden",19,"Dranken alc.vrij",189
"Hoofdgroep","Omschrijving","Aantal

inkoop eenheden","Aantal

inkoop eenheden",19,"Dranken alc.vrij",189
"Hoofdgroep","Omschrijving","Aantal

inkoop eenheden","Aantal

inkoop eenheden",19,"Dranken alc.vrij",189
"Hoofdgroep","Omschrijving","Aantal

inkoop eenheden","Aantal

inkoop eenheden",19,"Dranken alc.vrij",189
"Hoofdgroep","Omschrijving","Aantal

inkoop eenheden","Aantal

inkoop eenheden",19,"Dranken alc.vrij",189
"Hoofdgroep","Omschrijving","Aantal

inkoop eenheden","Aantal

inkoop eenheden",19,"Dranken alc.vrij",189
"Hoofdgroep","Omschrijving","Aantal

inkoop eenheden","Aantal

inkoop eenheden",19,"Dranken alc.vrij",189
"Hoofdgroep","Omschrijving","Aantal

inkoop eenheden","Aantal

inkoop eenheden",19,"Dranken alc.vrij",189
"Hoofdgroep","Omschrijving","Aantal

inkoop eenheden","Aantal

inkoop eenheden",19,"Dranken alc.vrij",189
"Hoofdgroep","Omschrijving","Aantal

inkoop eenheden","Aantal

inkoop eenheden",20,"Dranken alc.houd.",30
"Hoofdgroep","Omschrijving","Aantal

inkoop eenheden","Aantal

inkoop eenheden",20,"Dranken alc.houd.",30
"Hoofdgroep","Omschrijving","Aantal

inkoop eenheden","Aantal

inkoop eenheden",20,"Dranken alc.houd.",30
"Hoofdgroep","Omschrijving","Aantal

inkoop eenheden","Aantal

inkoop eenheden",20,"Dranken alc.houd.",30
"Hoofdgroep","Omschrijving","Aantal

inkoop eenheden","Aantal

inkoop eenheden",20,"Dranken alc.houd.",30
"Hoofdgroep","Omschrijving","Aantal

inkoop eenheden","Aantal

inkoop eenheden",20,"Dranken alc.houd.",30
"Hoofdgroep","Omschrijving","Aantal

inkoop eenheden","Aantal

inkoop eenheden",20,"Dranken alc.houd.",30
"Hoofdgroep","Omschrijving","Aantal

inkoop eenheden","Aantal

inkoop eenheden",20,"Dranken alc.houd.",30
"Hoofdgroep","Omschrijving","Aantal

inkoop eenheden","Aantal

inkoop eenheden",20,"Dranken alc.houd.",30
"Hoofdgroep","Omschrijving","Aantal

inkoop eenheden","Aantal

inkoop eenheden",20,"Dranken alc.houd.",30
"Hoofdgroep","Omschrijving","Aantal

inkoop eenheden","Aantal

inkoop eenheden",20,"Dranken alc.houd.",30
"Hoofdgroep","Omschrijving","Aantal

inkoop eenheden","Aantal

inkoop eenheden",20,"Dranken alc.houd.",30
"Hoofdgroep","Omschrijving","Aantal

inkoop eenheden","Aantal

inkoop eenheden",20,"Dranken alc.houd.",30
"Hoofdgroep","Omschrijving","Aantal

inkoop eenheden","Aantal

inkoop eenheden",20,"Dranken alc.houd.",30
"Hoofdgroep","Omschrijving","Aantal

inkoop eenheden","Aantal

inkoop eenheden",20,"Dranken alc.houd.",30
"Hoofdgroep","Omschrijving","Aantal

inkoop eenheden","Aantal

inkoop eenheden",20,"Dranken alc.houd.",30
"Hoofdgroep","Omschrijving","Aantal

inkoop eenheden","Aantal

inkoop eenheden",20,"Dranken alc.houd.",30
"Hoofdgroep","Omschrijving","Aantal

inkoop eenheden","Aantal

inkoop eenheden",20,"Dranken alc.houd.",30
"Hoofdgroep","Omschrijving","Aantal

inkoop eenheden","Aantal

inkoop eenheden",20,"Dranken alc.houd.",30
"Hoofdgroep","Omschrijving","Aantal

inkoop eenheden","Aantal

inkoop eenheden",23,"Dierenvoeding",23
"Hoofdgroep","Omschrijving","Aantal

inkoop eenheden","Aantal

inkoop eenheden",23,"Dierenvoeding",23
"Hoofdgroep","Omschrijving","Aantal

inkoop eenheden","Aantal

inkoop eenheden",23,"Dierenvoeding",23
"Hoofdgroep","Omschrijving","Aantal

inkoop eenheden","Aantal

inkoop eenheden",23,"Dierenvoeding",23
"Hoofdgroep","Omschrijving","Aantal

inkoop eenheden","Aantal

inkoop eenheden",23,"Dierenvoeding",23
"Hoofdgroep","Omschrijving","Aantal

inkoop eenheden","Aantal

inkoop eenheden",23,"Dierenvoeding",23
"Hoofdgroep","Omschrijving","Aantal

inkoop eenheden","Aantal

inkoop eenheden",23,"Dierenvoeding",23
"Hoofdgroep","Omschrijving","Aantal

inkoop eenheden","Aantal

inkoop eenheden",23,"Dierenvoeding",23
"Hoofdgroep","Omschrijving","Aantal

inkoop eenheden","Aantal

inkoop eenheden",23,"Dierenvoeding",23
"Hoofdgroep","Omschrijving","Aantal

inkoop eenheden","Aantal

inkoop eenheden",23,"Dierenvoeding",23
"Hoofdgroep","Omschrijving","Aantal

inkoop eenheden","Aantal

inkoop eenheden",23,"Dierenvoeding",23
"Hoofdgroep","Omschrijving","Aantal

inkoop eenheden","Aantal

inkoop eenheden",23,"Dierenvoeding",23
"Hoofdgroep","Omschrijving","Aantal

inkoop eenheden","Aantal

inkoop eenheden",23,"Dierenvoeding",23
"Hoofdgroep","Omschrijving","Aantal

inkoop eenheden","Aantal

inkoop eenheden",23,"Dierenvoeding",23
"Hoofdgroep","Omschrijving","Aantal

inkoop eenheden","Aantal

inkoop eenheden",23,"Dierenvoeding",23
"Hoofdgroep","Omschrijving","Aantal

inkoop eenheden","Aantal

inkoop eenheden",23,"Dierenvoeding",23
"Hoofdgroep","Omschrijving","Aantal

inkoop eenheden","Aantal

inkoop eenheden",23,"Dierenvoeding",23
"Hoofdgroep","Omschrijving","Aantal

inkoop eenheden","Aantal

inkoop eenheden",23,"Dierenvoeding",23
"Hoofdgroep","Omschrijving","Aantal

inkoop eenheden","Aantal

inkoop eenheden",24,"Was/reiniging",11
"Hoofdgroep","Omschrijving","Aantal

inkoop eenheden","Aantal

inkoop eenheden",24,"Was/reiniging",11
"Hoofdgroep","Omschrijving","Aantal

inkoop eenheden","Aantal

inkoop eenheden",24,"Was/reiniging",11
"Hoofdgroep","Omschrijving","Aantal

inkoop eenheden","Aantal

inkoop eenheden",24,"Was/reiniging",11
"Hoofdgroep","Omschrijving","Aantal

inkoop eenheden","Aantal

inkoop eenheden",24,"Was/reiniging",11
"Hoofdgroep","Omschrijving","Aantal

inkoop eenheden","Aantal

inkoop eenheden",24,"Was/reiniging",11
"Hoofdgroep","Omschrijving","Aantal

inkoop eenheden","Aantal

inkoop eenheden",24,"Was/reiniging",11
"Hoofdgroep","Omschrijving","Aantal

inkoop eenheden","Aantal

inkoop eenheden",24,"Was/reiniging",11
"Hoofdgroep","Omschrijving","Aantal

inkoop eenheden","Aantal

inkoop eenheden",24,"Was/reiniging",11
"Hoofdgroep","Omschrijving","Aantal

inkoop eenheden","Aantal

inkoop eenheden",24,"Was/reiniging",11
"Hoofdgroep","Omschrijving","Aantal

inkoop eenheden","Aantal

inkoop eenheden",24,"Was/reiniging",11
"Hoofdgroep","Omschrijving","Aantal

inkoop eenheden","Aantal

inkoop eenheden",25,"Papier",13
"Hoofdgroep","Omschrijving","Aantal

inkoop eenheden","Aantal

inkoop eenheden",25,"Papier",13
"Hoofdgroep","Omschrijving","Aantal

inkoop eenheden","Aantal

inkoop eenheden",25,"Papier",13
"Hoofdgroep","Omschrijving","Aantal

inkoop eenheden","Aantal

inkoop eenheden",25,"Papier",13
"Hoofdgroep","Omschrijving","Aantal

inkoop eenheden","Aantal

inkoop eenheden",25,"Papier",13
"Hoofdgroep","Omschrijving","Aantal

inkoop eenheden","Aantal

inkoop eenheden",25,"Papier",13
"Hoofdgroep","Omschrijving","Aantal

inkoop eenheden","Aantal

inkoop eenheden",25,"Papier",13
"Hoofdgroep","Omschrijving","Aantal

inkoop eenheden","Aantal

inkoop eenheden",25,"Papier",13
"Hoofdgroep","Omschrijving","Aantal

inkoop eenheden","Aantal

inkoop eenheden",25,"Papier",13
"Hoofdgroep","Omschrijving","Aantal

inkoop eenheden","Aantal

inkoop eenheden",25,"Papier",13
"Hoofdgroep","Omschrijving","Aantal

inkoop eenheden","Aantal

inkoop eenheden",25,"Papier",13
"Hoofdgroep","Omschrijving","Aantal

inkoop eenheden","Aantal

inkoop eenheden",26,"Damesverband",7
"Hoofdgroep","Omschrijving","Aantal

inkoop eenheden","Aantal

inkoop eenheden",26,"Damesverband",7
"Hoofdgroep","Omschrijving","Aantal

inkoop eenheden","Aantal

inkoop eenheden",26,"Damesverband",7
"Hoofdgroep","Omschrijving","Aantal

inkoop eenheden","Aantal

inkoop eenheden",26,"Damesverband",7
"Hoofdgroep","Omschrijving","Aantal

inkoop eenheden","Aantal

inkoop eenheden",26,"Damesverband",7
"Hoofdgroep","Omschrijving","Aantal

inkoop eenheden","Aantal

inkoop eenheden",26,"Damesverband",7
"Hoofdgroep","Omschrijving","Aantal

inkoop eenheden","Aantal

inkoop eenheden",28,"Kleinvak/huish.",23
"Hoofdgroep","Omschrijving","Aantal

inkoop eenheden","Aantal

inkoop eenheden",28,"Kleinvak/huish.",23
"Hoofdgroep","Omschrijving","Aantal

inkoop eenheden","Aantal

inkoop eenheden",28,"Kleinvak/huish.",23
"Hoofdgroep","Omschrijving","Aantal

inkoop eenheden","Aantal

inkoop eenheden",28,"Kleinvak/huish.",23
"Hoofdgroep","Omschrijving","Aantal

inkoop eenheden","Aantal

inkoop eenheden",28,"Kleinvak/huish.",23
"Hoofdgroep","Omschrijving","Aantal

inkoop eenheden","Aantal

inkoop eenheden",28,"Kleinvak/huish.",23
"Hoofdgroep","Omschrijving","Aantal

inkoop eenheden","Aantal

inkoop eenheden",28,"Kleinvak/huish.",23
"Hoofdgroep","Omschrijving","Aantal

inkoop eenheden","Aantal

inkoop eenheden",28,"Kleinvak/huish.",23
"Hoofdgroep","Omschrijving","Aantal

inkoop eenheden","Aantal

inkoop eenheden",28,"Kleinvak/huish.",23
"Hoofdgroep","Omschrijving","Aantal

inkoop eenheden","Aantal

inkoop eenheden",28,"Kleinvak/huish.",23
"Hoofdgroep","Omschrijving","Aantal

inkoop eenheden","Aantal

inkoop eenheden",28,"Kleinvak/huish.",23
"Hoofdgroep","Omschrijving","Aantal

inkoop eenheden","Aantal

inkoop eenheden",28,"Kleinvak/huish.",23
"Hoofdgroep","Omschrijving","Aantal

inkoop eenheden","Aantal

inkoop eenheden",28,"Kleinvak/huish.",23
"Hoofdgroep","Omschrijving","Aantal

inkoop eenheden","Aantal

inkoop eenheden",28,"Kleinvak/huish.",23
"Hoofdgroep","Omschrijving","Aantal

inkoop eenheden","Aantal

inkoop eenheden",28,"Kleinvak/huish.",23
"Hoofdgroep","Omschrijving","Aantal

inkoop eenheden","Aantal

inkoop eenheden",28,"Kleinvak/huish.",23
"Hoofdgroep","Omschrijving","Aantal

inkoop eenheden","Aantal

inkoop eenheden",28,"Kleinvak/huish.",23
"Hoofdgroep","Omschrijving","Aantal

inkoop eenheden","Aantal

inkoop eenheden",28,"Kleinvak/huish.",23
"Hoofdgroep","Omschrijving","Aantal

inkoop eenheden","Aantal

inkoop eenheden",29,"Bieren",150
"Hoofdgroep","Omschrijving","Aantal

inkoop eenheden","Aantal

inkoop eenheden",29,"Bieren",150
"Hoofdgroep","Omschrijving","Aantal

inkoop eenheden","Aantal

inkoop eenheden",29,"Bieren",150
"Hoofdgroep","Omschrijving","Aantal

inkoop eenheden","Aantal

inkoop eenheden",29,"Bieren",150
"Hoofdgroep","Omschrijving","Aantal

inkoop eenheden","Aantal

inkoop eenheden",29,"Bieren",150
"Hoofdgroep","Omschrijving","Aantal

inkoop eenheden","Aantal

inkoop eenheden",29,"Bieren",150
"Hoofdgroep","Omschrijving","Aantal

inkoop eenheden","Aantal

inkoop eenheden",29,"Bieren",150
"Hoofdgroep","Omschrijving","Aantal

inkoop eenheden","Aantal

inkoop eenheden",29,"Bieren",150
"Hoofdgroep","Omschrijving","Aantal

inkoop eenheden","Aantal

inkoop eenheden",29,"Bieren",150
"Hoofdgroep","Omschrijving","Aantal

inkoop eenheden","Aantal

inkoop eenheden",29,"Bieren",150
"Hoofdgroep","Omschrijving","Aantal

inkoop eenheden","Aantal

inkoop eenheden",29,"Bieren",150
"Hoofdgroep","Omschrijving","Aantal

inkoop eenheden","Aantal

inkoop eenheden",29,"Bieren",150
"Hoofdgroep","Omschrijving","Aantal

inkoop eenheden","Aantal

inkoop eenheden",29,"Bieren",150
"Hoofdgroep","Omschrijving","Aantal

inkoop eenheden","Aantal

inkoop eenheden",29,"Bieren",150
"Hoofdgroep","Omschrijving","Aantal

inkoop eenheden","Aantal

inkoop eenheden",29,"Bieren",150
"Hoofdgroep","Omschrijving","Aantal

inkoop eenheden","Aantal

inkoop eenheden",29,"Bieren",150
"Hoofdgroep","Omschrijving","Aantal

inkoop eenheden","Aantal

inkoop eenheden",29,"Bieren",150
"Hoofdgroep","Omschrijving","Aantal

inkoop eenheden","Aantal

inkoop eenheden",29,"Bieren",150
"Hoofdgroep","Omschrijving","Aantal

inkoop eenheden","Aantal

inkoop eenheden",29,"Bieren",150
"Hoofdgroep","Omschrijving","Aantal

inkoop eenheden","Aantal

inkoop eenheden",29,"Bieren",150
"Hoofdgroep","Omschrijving","Aantal

inkoop eenheden","Aantal

inkoop eenheden",29,"Bieren",150
"Hoofdgroep","Omschrijving","Aantal

inkoop eenheden","Aantal

inkoop eenheden",29,"Bieren",150
"Hoofdgroep","Omschrijving","Aantal

inkoop eenheden","Aantal

inkoop eenheden",29,"Bieren",150
"Hoofdgroep","Omschrijving","Aantal

inkoop eenheden","Aantal

inkoop eenheden",29,"Bieren",150
"Hoofdgroep","Omschrijving","Aantal

inkoop eenheden","Aantal

inkoop eenheden",29,"Bieren",150
"Hoofdgroep","Omschrijving","Aantal

inkoop eenheden","Aantal

inkoop eenheden",29,"Bieren",150
"Hoofdgroep","Omschrijving","Aantal

inkoop eenheden","Aantal

inkoop eenheden",29,"Bieren",150
"Hoofdgroep","Omschrijving","Aantal

inkoop eenheden","Aantal

inkoop eenheden",29,"Bieren",150
"Hoofdgroep","Omschrijving","Aantal

inkoop eenheden","Aantal

inkoop eenheden",29,"Bieren",150
"Hoofdgroep","Omschrijving","Aantal

inkoop eenheden","Aantal

inkoop eenheden",29,"Bieren",150
"Hoofdgroep","Omschrijving","Aantal

inkoop eenheden","Aantal

inkoop eenheden",29,"Bieren",150
"Hoofdgroep","Omschrijving","Aantal

inkoop eenheden","Aantal

inkoop eenheden",29,"Bieren",150
"Hoofdgroep","Omschrijving","Aantal

inkoop eenheden","Aantal

inkoop eenheden",29,"Bieren",150
"Hoofdgroep","Omschrijving","Aantal

inkoop eenheden","Aantal

inkoop eenheden",29,"Bieren",150
"Hoofdgroep","Omschrijving","Aantal

inkoop eenheden","Aantal

inkoop eenheden",29,"Bieren",150
"Hoofdgroep","Omschrijving","Aantal

inkoop eenheden","Aantal

inkoop eenheden",29,"Bieren",150
"Hoofdgroep","Omschrijving","Aantal

inkoop eenheden","Aantal

inkoop eenheden",29,"Bieren",150
"Hoofdgroep","Omschrijving","Aantal

inkoop eenheden","Aantal

inkoop eenheden",29,"Bieren",150
"Hoofdgroep","Omschrijving","Aantal

inkoop eenheden","Aantal

inkoop eenheden",30,"Cosmetica",20
"Hoofdgroep","Omschrijving","Aantal

inkoop eenheden","Aantal

inkoop eenheden",30,"Cosmetica",20
"Hoofdgroep","Omschrijving","Aantal

inkoop eenheden","Aantal

inkoop eenheden",30,"Cosmetica",20
"Hoofdgroep","Omschrijving","Aantal

inkoop eenheden","Aantal

inkoop eenheden",30,"Cosmetica",20
"Hoofdgroep","Omschrijving","Aantal

inkoop eenheden","Aantal

inkoop eenheden",30,"Cosmetica",20
"Hoofdgroep","Omschrijving","Aantal

inkoop eenheden","Aantal

inkoop eenheden",30,"Cosmetica",20
"Hoofdgroep","Omschrijving","Aantal

inkoop eenheden","Aantal

inkoop eenheden",30,"Cosmetica",20
"Hoofdgroep","Omschrijving","Aantal

inkoop eenheden","Aantal

inkoop eenheden",30,"Cosmetica",20
"Hoofdgroep","Omschrijving","Aantal

inkoop eenheden","Aantal

inkoop eenheden",30,"Cosmetica",20
"Hoofdgroep","Omschrijving","Aantal

inkoop eenheden","Aantal

inkoop eenheden",30,"Cosmetica",20
"Hoofdgroep","Omschrijving","Aantal

inkoop eenheden","Aantal

inkoop eenheden",30,"Cosmetica",20
"Hoofdgroep","Omschrijving","Aantal

inkoop eenheden","Aantal

inkoop eenheden",30,"Cosmetica",20
"Hoofdgroep","Omschrijving","Aantal

inkoop eenheden","Aantal

inkoop eenheden",30,"Cosmetica",20
"Hoofdgroep","Omschrijving","Aantal

inkoop eenheden","Aantal

inkoop eenheden",30,"Cosmetica",20
"Hoofdgroep","Omschrijving","Aantal

inkoop eenheden","Aantal

inkoop eenheden",30,"Cosmetica",20
"Hoofdgroep","Omschrijving","Aantal

inkoop eenheden","Aantal

inkoop eenheden",30,"Cosmetica",20
"Hoofdgroep","Omschrijving","Aantal

inkoop eenheden","Aantal

inkoop eenheden",30,"Cosmetica",20
"Hoofdgroep","Omschrijving","Aantal

inkoop eenheden","Aantal

inkoop eenheden",35,"Zuivel houdbaar",22
"Hoofdgroep","Omschrijving","Aantal

inkoop eenheden","Aantal

inkoop eenheden",35,"Zuivel houdbaar",22
"Hoofdgroep","Omschrijving","Aantal

inkoop eenheden","Aantal

inkoop eenheden",35,"Zuivel houdbaar",22
"Hoofdgroep","Omschrijving","Aantal

inkoop eenheden","Aantal

inkoop eenheden",35,"Zuivel houdbaar",22
"Hoofdgroep","Omschrijving","Aantal

inkoop eenheden","Aantal

inkoop eenheden",35,"Zuivel houdbaar",22
"Hoofdgroep","Omschrijving","Aantal

inkoop eenheden","Aantal

inkoop eenheden",35,"Zuivel houdbaar",22
"Hoofdgroep","Omschrijving","Aantal

inkoop eenheden","Aantal

inkoop eenheden",35,"Zuivel houdbaar",22
"Hoofdgroep","Omschrijving","Aantal

inkoop eenheden","Aantal

inkoop eenheden",35,"Zuivel houdbaar",22
"Hoofdgroep","Omschrijving","Aantal

inkoop eenheden","Aantal

inkoop eenheden",35,"Zuivel houdbaar",22
"Hoofdgroep","Omschrijving","Aantal

inkoop eenheden","Aantal

inkoop eenheden",35,"Zuivel houdbaar",22
"Hoofdgroep","Omschrijving","Aantal

inkoop eenheden","Aantal

inkoop eenheden",35,"Zuivel houdbaar",22
"Hoofdgroep","Omschrijving","Aantal

inkoop eenheden","Aantal

inkoop eenheden",35,"Zuivel houdbaar",22
"Hoofdgroep","Omschrijving","Aantal

inkoop eenheden","Aantal

inkoop eenheden",35,"Zuivel houdbaar",22
"Hoofdgroep","Omschrijving","Aantal

inkoop eenheden","Aantal

inkoop eenheden",35,"Zuivel houdbaar",22
"Hoofdgroep","Omschrijving","Aantal

inkoop eenheden","Aantal

inkoop eenheden",35,"Zuivel houdbaar",22
"Hoofdgroep","Omschrijving","Aantal

inkoop eenheden","Aantal

inkoop eenheden",35,"Zuivel houdbaar",22
"Hoofdgroep","Omschrijving","Aantal

inkoop eenheden","Aantal

inkoop eenheden",35,"Zuivel houdbaar",22
"Hoofdgroep","Omschrijving","Aantal

inkoop eenheden","Aantal

inkoop eenheden",35,"Zuivel houdbaar",22
"Hoofdgroep","Omschrijving","Aantal

inkoop eenheden","Aantal

inkoop eenheden",36,"Eieren",7
"Hoofdgroep","Omschrijving","Aantal

inkoop eenheden","Aantal

inkoop eenheden",36,"Eieren",7
"Hoofdgroep","Omschrijving","Aantal

inkoop eenheden","Aantal

inkoop eenheden",36,"Eieren",7
"Hoofdgroep","Omschrijving","Aantal

inkoop eenheden","Aantal

inkoop eenheden",36,"Eieren",7
"Hoofdgroep","Omschrijving","Aantal

inkoop eenheden","Aantal

inkoop eenheden",36,"Eieren",7
"Hoofdgroep","Omschrijving","Aantal

inkoop eenheden","Aantal

inkoop eenheden",36,"Eieren",7
"Hoofdgroep","Omschrijving","Aantal

inkoop eenheden","Aantal

inkoop eenheden",44,"Bloemen",17
"Hoofdgroep","Omschrijving","Aantal

inkoop eenheden","Aantal

inkoop eenheden",45,"Brood",3
"Hoofdgroep","Omschrijving","Aantal

inkoop eenheden","Aantal

inkoop eenheden",45,"Brood",3
"Hoofdgroep","Omschrijving","Aantal

inkoop eenheden","Aantal

inkoop eenheden",45,"Brood",3
"Hoofdgroep","Omschrijving","Aantal

inkoop eenheden","Aantal

inkoop eenheden",49,"Bake off",12
"Hoofdgroep","Omschrijving","Aantal

inkoop eenheden","Aantal

inkoop eenheden",49,"Bake off",12
"Hoofdgroep","Omschrijving","Aantal

inkoop eenheden","Aantal

inkoop eenheden",49,"Bake off",12
"Hoofdgroep","Omschrijving","Aantal

inkoop eenheden","Aantal

inkoop eenheden",49,"Bake off",12
"Hoofdgroep","Omschrijving","Aantal

inkoop eenheden","Aantal

inkoop eenheden",49,"Bake off",12
"Hoofdgroep","Omschrijving","Aantal

inkoop eenheden","Aantal

inkoop eenheden",49,"Bake off",12
"Hoofdgroep","Omschrijving","Aantal

inkoop eenheden","Aantal

inkoop eenheden",49,"Bake off",12
"Hoofdgroep","Omschrijving","Aantal

inkoop eenheden","Aantal

inkoop eenheden",49,"Bake off",12
"Hoofdgroep","Omschrijving","Aantal

inkoop eenheden","Aantal

inkoop eenheden",49,"Bake off",12
"Hoofdgroep","Omschrijving","Aantal

inkoop eenheden","Aantal

inkoop eenheden",49,"Bake off",12
"Hoofdgroep","Omschrijving","Aantal

inkoop eenheden","Aantal

inkoop eenheden",49,"Bake off",12
"Hoofdgroep","Omschrijving","Aantal

inkoop eenheden","Aantal

inkoop eenheden",69,"Thema akties",12
"Hoofdgroep","Omschrijving","Aantal

inkoop eenheden","Aantal

inkoop eenheden",69,"Thema akties",12
"Hoofdgroep","Omschrijving","Aantal

inkoop eenheden","Aantal

inkoop eenheden",69,"Thema akties",12
"Hoofdgroep","Omschrijving","Aantal

inkoop eenheden","Aantal

inkoop eenheden",69,"Thema akties",12
